parent_org,plan_name,status,state,notes
"Aetna (CVS Health)",,in-network,AZ,"From Teamlink: 10 plan(s) · sample: Aetna - Commercial EPO / Aetna - Commercial HMO / Aetna - Commercial PPO"
"Aetna (CVS Health)",,in-network,CA,"From Teamlink: 13 plan(s) · sample: Aetna - Commercial / Aetna - EAP / Aetna - EPO"
"Aetna (CVS Health)",,in-network,CT,"From Teamlink: 4 plan(s) · sample: Aetna / Aetna MCR / Aetna PPO"
"Aetna (CVS Health)",,in-network,DC,"From Teamlink: 9 plan(s) · sample: Aetna - Commercial EPO / Aetna - Commercial HMO / Aetna - Commercial PPO"
"Aetna (CVS Health)",,in-network,FL,"From Teamlink: 7 plan(s) · sample: Aetna Comercial / Aetna Medicare / Aetna HMO"
"Aetna (CVS Health)",,in-network,GA,"From Teamlink: 8 plan(s) · sample: Aetna - Commercial EPO / Aetna - Commercial HMO / Aetna - Commercial PPO"
"Aetna (CVS Health)",,in-network,IL,"From Teamlink: 9 plan(s) · sample: Aetna - EPO / Aetna - First Health / Aetna - HMO"
"Aetna (CVS Health)",,in-network,IN,"From Teamlink: 5 plan(s) · sample: Aetna / Aetna PPO / Aetna HMO"
"Aetna (CVS Health)",,in-network,KY,"From Teamlink: 4 plan(s) · sample: Aetna / Aetna PPO / Aetna HMO"
"Aetna (CVS Health)",,in-network,MA,"From Teamlink: 8 plan(s) · sample: Aetna - EPO / Aetna - First Health / Aetna - HMO"
"Aetna (CVS Health)",,in-network,MD,"From Teamlink: 6 plan(s) · sample: Aetna MCR / Aetna PPO / Aetna HMO"
"Aetna (CVS Health)",,in-network,MI,"From Teamlink: 4 plan(s) · sample: AETNA / AETNA PPO / AETNA HMO"
"Aetna (CVS Health)",,in-network,MN,"From Teamlink: 8 plan(s) · sample: Aetna - EPO / Aetna - First Health / Aetna - Mange Choice"
"Aetna (CVS Health)",,in-network,MO,"From Teamlink: 4 plan(s) · sample: Aetna HMO / Aetna PPO / Aetna EAP"
"Aetna (CVS Health)",,in-network,NC,"From Teamlink: 7 plan(s) · sample: Aetna - EPO / Aetna - HMO / Aetna - Manage Choice"
"Aetna (CVS Health)",,in-network,NM,"From Teamlink: 5 plan(s) · sample: Aetna - EPO / Aetna - First Health / Aetna - HMO"
"Aetna (CVS Health)",,in-network,NY,"From Teamlink: 8 plan(s) · sample: Aetna Medicare Advantage / Aetna / Aetna PPO"
"Aetna (CVS Health)",,in-network,OH,"From Teamlink: 10 plan(s) · sample: AETNA - EPO / AETNA - First Health / AETNA - HMO"
"Aetna (CVS Health)",,in-network,OR,"From Teamlink: 4 plan(s) · sample: Aetna / Aetna HMO / Aetna PPO"
"Aetna (CVS Health)",,in-network,PA,"From Teamlink: 9 plan(s) · sample: Aetna - Commercial EPO / Aetna - Commercial HMO / Aetna - Commercial PPO"
"Aetna (CVS Health)",,in-network,SC,"From Teamlink: 5 plan(s) · sample: Aetna / Aetna EPO / Aetna HMO"
"Aetna (CVS Health)",,in-network,TN,"From Teamlink: 6 plan(s) · sample: Aetna MCR / Aetna PPO / Aetna HMO"
"Aetna (CVS Health)",,in-network,TX,"From Teamlink: 8 plan(s) · sample: Aetna - EPO / Aetna - First Health / Aetna - HMO"
"Aetna (CVS Health)",,in-network,UT,"From Teamlink: 6 plan(s) · sample: Aetna - EPO / Aetna - First Health / Aetna - HMO"
"Aetna (CVS Health)",,in-network,VA,"From Teamlink: 6 plan(s) · sample: Aetna / Aetna Commercial / Aetna PPO"
"Aetna (CVS Health)",,in-network,WA,"From Teamlink: 8 plan(s) · sample: Aetna - EAP / Aetna - Commercial EPO / Aetna - Commercial HMO"
"Aetna (CVS Health)",,pending,WI,"From Teamlink: 4 plan(s) · sample: Aetna / Aetna PPO / Aetna HMO"
"AmeriHealth Caritas",,pending,AZ,"From Teamlink: 1 plan(s) · sample: AmeriHealth Caritas Arizona"
"AmeriHealth Caritas",,pending,DC,"From Teamlink: 1 plan(s) · sample: AmeriHealth Caritas DC"
"AmeriHealth Caritas",,pending,NC,"From Teamlink: 1 plan(s) · sample: Amerihealth - Caritas"
"AmeriHealth Caritas",,pending,OH,"From Teamlink: 1 plan(s) · sample: Ameri-Health-Caritas"
"AmeriHealth Caritas",,in-network,PA,"From Teamlink: 3 plan(s) · sample: Amerihealth PA / Amerihealth PA - Healthcare Toss / Amerihealth PA - VIP Care"
"AmeriHealth Caritas",,pending,SC,"From Teamlink: 1 plan(s) · sample: Ameri Health Caritas"
"Amida Care",,pending,NY,"From Teamlink: 1 plan(s) · sample: Amida Care"
"Baylor Scott & White Health Plan",,in-network,TX,"From Teamlink: 8 plan(s) · sample: Baylor Scott & White Health Plan / Baylor Scott & White Health Plan - BSW Plus HMO / Baylor Scott & White Health Plan - BSW plus PPO"
"Blue Cross Blue Shield (BCBS — affiliate varies)",,in-network,AZ,"From Teamlink: 9 plan(s) · sample: AZ Blue - ALN / AZ Blue - HMO / AZ Blue - MDH (Medicare HMO)"
"Blue Cross Blue Shield (BCBS — affiliate varies)",,in-network,CA,"From Teamlink: 5 plan(s) · sample: BCBS (Commercial HMO) / BCBS (Commercial PPO) / BCBS (Medicare Advantage HMO)"
"Blue Cross Blue Shield (BCBS — affiliate varies)",,in-network,DC,"From Teamlink: 1 plan(s) · sample: CareFirst BlueCross BlueShield"
"Blue Cross Blue Shield (BCBS — affiliate varies)",,in-network,IL,"From Teamlink: 9 plan(s) · sample: BCBS - Blue Choice Options / BCBS - Blue Choice PPO / BCBS - Blue Choice Preferred"
"Blue Cross Blue Shield (BCBS — affiliate varies)",,pending,MA,"From Teamlink: 1 plan(s) · sample: BCBS MA"
"Blue Cross Blue Shield (BCBS — affiliate varies)",,pending,MD,"From Teamlink: 2 plan(s) · sample: BCBS Care First / BCBS Commercial"
"Blue Cross Blue Shield (BCBS — affiliate varies)",,in-network,MI,"From Teamlink: 1 plan(s) · sample: BCBS"
"Blue Cross Blue Shield (BCBS — affiliate varies)",,pending,MO,"From Teamlink: 1 plan(s) · sample: BCBS"
"Blue Cross Blue Shield (BCBS — affiliate varies)",,in-network,NC,"From Teamlink: 5 plan(s) · sample: BCBS NC - Commerical Major Medical / BCBS NC - HMO / BCBS NC - Blue Value"
"Blue Cross Blue Shield (BCBS — affiliate varies)",,in-network,NM,"From Teamlink: 10 plan(s) · sample: BCBS - Blue Advantage / BCBS - Blue Community HMO Network (CNN) / BCBS - Exclusive Provider Network (EPN)"
"Blue Cross Blue Shield (BCBS — affiliate varies)",,in-network,NY,"From Teamlink: 1 plan(s) · sample: BCBS NY Traditional"
"Blue Cross Blue Shield (BCBS — affiliate varies)",,in-network,OR,"From Teamlink: 1 plan(s) · sample: Regence BCBS"
"Blue Cross Blue Shield (BCBS — affiliate varies)",,in-network,PA,"From Teamlink: 37 plan(s) · sample: BCBS - Capital of Blue Cross - CareConnect / BCBS - Capital of Blue Cross - HMO / BCBS - Capital of Blue Cross - Medicare Advantage HMO"
"Blue Cross Blue Shield (BCBS — affiliate varies)",,pending,SC,"From Teamlink: 1 plan(s) · sample: BCBS SC"
"Blue Cross Blue Shield (BCBS — affiliate varies)",,pending,TN,"From Teamlink: 1 plan(s) · sample: BCBS TN"
"Blue Cross Blue Shield (BCBS — affiliate varies)",,in-network,TX,"From Teamlink: 12 plan(s) · sample: BCBS - Blue Advantage HMO / BCBS - Blue Essentials HMO / BCBS - Blue High Performance Network"
"Blue Cross Blue Shield (BCBS — affiliate varies)",,in-network,UT,"From Teamlink: 1 plan(s) · sample: BCBS - Regence"
"Blue Cross Blue Shield (BCBS — affiliate varies)",,in-network,WA,"From Teamlink: 6 plan(s) · sample: BCBS Federal Employee Program - Commercial / Premera - Lifewise of WA / Premera - Blue Cross Comercial"
"Blue Cross Blue Shield of Minnesota",,pending,MN,"From Teamlink: 1 plan(s) · sample: BluePlus/Blue Cross Blue Shield of Minnesota"
"CareSource",,pending,GA,"From Teamlink: 1 plan(s) · sample: CareSource"
"CareSource",,pending,IN,"From Teamlink: 1 plan(s) · sample: Caresource"
"CareSource",,pending,KY,"From Teamlink: 1 plan(s) · sample: CareSource Kentucky"
"CareSource",,pending,NC,"From Teamlink: 1 plan(s) · sample: Care Source"
"CareSource",,pending,OH,"From Teamlink: 1 plan(s) · sample: Care Source"
"Centene",,pending,AZ,"From Teamlink: 2 plan(s) · sample: Ambetter / Health Net"
"Centene",,in-network,CA,"From Teamlink: 6 plan(s) · sample: Health Net - Commercial / Health Net - Marketplace / Health Net - Medicare"
"Centene",,in-network,CT,"From Teamlink: 3 plan(s) · sample: Centene / Ambetter / Wellcare"
"Centene",,req-denied,DC,"From Teamlink: 1 plan(s) · sample: Wellcare"
"Centene",,in-network,FL,"From Teamlink: 5 plan(s) · sample: Ambetter / Ambetter Health Solutions / Ambetter Health Value"
"Centene",,req-denied,GA,"From Teamlink: 4 plan(s) · sample: Ambetter - Peach Health Plan / Health Net / Peach State Health Plan"
"Centene",,in-network,IL,"From Teamlink: 3 plan(s) · sample: Ambetter / Celtic / Centene"
"Centene",,pending,IN,"From Teamlink: 2 plan(s) · sample: Ambetter / Allwell from Magnolia Health"
"Centene",,in-network,KY,"From Teamlink: 1 plan(s) · sample: Ambetter"
"Centene",,in-network,MI,"From Teamlink: 1 plan(s) · sample: AMBETTER"
"Centene",,pending,MO,"From Teamlink: 3 plan(s) · sample: Centene/Homestate health / Celtic / Ambetter"
"Centene",,in-network,NC,"From Teamlink: 4 plan(s) · sample: Ambetter NC (Wellcare) / Centene / WellCare of North Carolina - Medicaid"
"Centene",,req-denied,NM,"From Teamlink: 3 plan(s) · sample: Ambetter / Centene / Wellcare"
"Centene",,in-network,NY,"From Teamlink: 6 plan(s) · sample: Wellcare / Wellcare Commercial / Wellcare dual Plus"
"Centene",,pending,OH,"From Teamlink: 3 plan(s) · sample: Ambetter / Centene / Wellcare"
"Centene",,pending,OR,"From Teamlink: 1 plan(s) · sample: Health net"
"Centene",,in-network,PA,"From Teamlink: 2 plan(s) · sample: Ambetter (PA Health & Wellness) / Wellcare"
"Centene",,pending,TN,"From Teamlink: 1 plan(s) · sample: Ambetter"
"Centene",,in-network,TX,"From Teamlink: 8 plan(s) · sample: Ambetter from Superior HealthPlan / Sun Shine Health Plan / Superior Health Plan - Ambetter"
"Centene",,in-network,WA,"From Teamlink: 5 plan(s) · sample: Co-ordinated Care (Apple Care/Ambetter) / Wellcare - HNN / Wellcare - WAR"
"Cigna",,in-network,AZ,"From Teamlink: 6 plan(s) · sample: Cigna (Evernorth) - EAP / Cigna (Evernorth) - EPO / Cigna (Evernorth) - HMO"
"Cigna",,in-network,CA,"From Teamlink: 15 plan(s) · sample: Cigna - EAP / Cigna - HMO / Cigna - TPA"
"Cigna",,in-network,CT,"From Teamlink: 4 plan(s) · sample: Cigna PPO / Cigna HMO / Cigna POS"
"Cigna",,in-network,DC,"From Teamlink: 7 plan(s) · sample: Cigna / Cigna - EAP / Cigna - HMO"
"Cigna",,in-network,FL,"From Teamlink: 7 plan(s) · sample: Cigna / Cigna Medicare / Cigna HMO"
"Cigna",,in-network,GA,"From Teamlink: 6 plan(s) · sample: Cigna - EAP / Cigna - HMO / Cigna - OAP"
"Cigna",,in-network,IL,"From Teamlink: 5 plan(s) · sample: Cigna EAP / Cigna HMO / Cigna Medicare"
"Cigna",,in-network,IN,"From Teamlink: 4 plan(s) · sample: Cigna / Cigna PPO / Cigna HMO"
"Cigna",,in-network,KY,"From Teamlink: 3 plan(s) · sample: Cigna / Cigna PPO / Cigna HMO"
"Cigna",,in-network,MA,"From Teamlink: 6 plan(s) · sample: Cigna - EAP / Cigna - HMO / Cigna - Medicare"
"Cigna",,in-network,MD,"From Teamlink: 7 plan(s) · sample: Cigna MCR / Cigna POS / Cigna EAP"
"Cigna",,in-network,MI,"From Teamlink: 6 plan(s) · sample: CIGNA / CIGNA PPO / CIGNA EAP"
"Cigna",,in-network,MN,"From Teamlink: 5 plan(s) · sample: Cigna - EPO / Cigna - HMO / Cigna - Medicare"
"Cigna",,in-network,MO,"From Teamlink: 4 plan(s) · sample: CIGNA / CIGNA PPO / CIGNA HMO"
"Cigna",,in-network,NC,"From Teamlink: 6 plan(s) · sample: Cigna - EAP / Cigna - HMO / Cigna - Medicare Advantage"
"Cigna",,in-network,NM,"From Teamlink: 6 plan(s) · sample: Cigna - EAP / Cigna - HMO / Cigna - Medicare"
"Cigna",,in-network,NY,"From Teamlink: 6 plan(s) · sample: Cigna / Cigna HMO / Cigna PPO"
"Cigna",,in-network,OH,"From Teamlink: 6 plan(s) · sample: CIGNA - EAP / CIGNA - HMO / CIGNA - OAP"
"Cigna",,in-network,OR,"From Teamlink: 7 plan(s) · sample: Cigna/Evernorth / Cigna PPO / Cigna HMO"
"Cigna",,in-network,PA,"From Teamlink: 6 plan(s) · sample: Cigna - Commercial EAP / Cigna - Commercial HMO / Cigna - Commercial Open Access Plus"
"Cigna",,in-network,SC,"From Teamlink: 6 plan(s) · sample: Cigna / Cigna PPO / Cigna EPO"
"Cigna",,in-network,TN,"From Teamlink: 7 plan(s) · sample: Cigna MCR / Cigna POS / Cigna EAP"
"Cigna",,in-network,TX,"From Teamlink: 6 plan(s) · sample: Cigna - EAP / Cigna - HMO / Cigna - Medicare"
"Cigna",,in-network,UT,"From Teamlink: 6 plan(s) · sample: Cigna - EPA / Cigna - HMO / Cigna - Medicare Advantge"
"Cigna",,in-network,VA,"From Teamlink: 6 plan(s) · sample: Cigna / Cigna PPO / Cigna HMO"
"Cigna",,in-network,WA,"From Teamlink: 7 plan(s) · sample: Cigna / Cigna EAP / Cigna HMO"
"Cigna",,in-network,WI,"From Teamlink: 3 plan(s) · sample: Cigna / Cigna PPO / Cigna HMO"
"Clover Health",,pending,CA,"From Teamlink: 1 plan(s) · sample: Clover Health"
"Clover Health",,pending,SC,"From Teamlink: 1 plan(s) · sample: Clover Health"
"Community Health Choice (TX)",,pending,TX,"From Teamlink: 1 plan(s) · sample: Community Health Choice"
"Devoted Health",,in-network,AZ,"From Teamlink: 1 plan(s) · sample: Devoted Health"
"Devoted Health",,pending,NM,"From Teamlink: 1 plan(s) · sample: Devoted Health"
"Devoted Health",,in-network,OH,"From Teamlink: 1 plan(s) · sample: Devoted Health Care"
"Devoted Health",,pending,SC,"From Teamlink: 1 plan(s) · sample: Devoted Health"
"Devoted Health",,in-network,TX,"From Teamlink: 1 plan(s) · sample: Devoted Health Care"
"Elevance Health",,in-network,AZ,"From Teamlink: 8 plan(s) · sample: Carelon - Becon Health Ocean INC / Carelon - Commerical / Carelon - Emblem Health HMO"
"Elevance Health",,in-network,CA,"From Teamlink: 15 plan(s) · sample: Carelon-Beacon - Health Option / Carelon-Beacon Califonia Commercial Exchange / Carelon-EmblemHealth"
"Elevance Health",,in-network,DC,"From Teamlink: 11 plan(s) · sample: Amerigroup DC / Carelon / Carelon - Becon Half Option HMO"
"Elevance Health",,in-network,FL,"From Teamlink: 5 plan(s) · sample: Beacon Choice EPO / Beacon HMO / Beacon Commercail Manage care"
"Elevance Health",,in-network,GA,"From Teamlink: 2 plan(s) · sample: Anthem Blue Cross and Blue Shield of Georgia / Carelon - Beacon Value Option"
"Elevance Health",,in-network,IL,"From Teamlink: 20 plan(s) · sample: Carelon / Carelon - Gold Coast Health Plan / Carelon - Ccah Medical"
"Elevance Health",,pending,IN,"From Teamlink: 2 plan(s) · sample: BCBS Anthem Healthy Indiana Plan / Beacon Health"
"Elevance Health",,pending,KY,"From Teamlink: 2 plan(s) · sample: Anthem BCBS / Carelon/Beacon"
"Elevance Health",,pending,MA,"From Teamlink: 1 plan(s) · sample: Carelon - Beacon"
"Elevance Health",,in-network,MD,"From Teamlink: 3 plan(s) · sample: Beacon Carelon / Elevance / Amerigroup/ Well Point MD"
"Elevance Health",,in-network,MI,"From Teamlink: 2 plan(s) · sample: CARELON / Beacon Health"
"Elevance Health",,out-of-network,MN,"From Teamlink: 1 plan(s) · sample: Carelon"
"Elevance Health",,pending,MO,"From Teamlink: 1 plan(s) · sample: Elevance"
"Elevance Health",,in-network,NC,"From Teamlink: 7 plan(s) · sample: Amerihealth - Wellpoint / Carelon - NY Empire plan / Carelon - HMO"
"Elevance Health",,pending,NM,"From Teamlink: 2 plan(s) · sample: Carelon - Beacon / Elevance Health"
"Elevance Health",,in-network,NY,"From Teamlink: 5 plan(s) · sample: Empire BCBS / Carelon Beacon / Carelon Value-Based"
"Elevance Health",,in-network,OH,"From Teamlink: 3 plan(s) · sample: Anthem - BCBS / Beacon / Carelon - Beacon"
"Elevance Health",,in-network,OR,"From Teamlink: 1 plan(s) · sample: Carelon Behavioral Health"
"Elevance Health",,in-network,SC,"From Teamlink: 2 plan(s) · sample: CARELON / Healthy blue"
"Elevance Health",,in-network,TX,"From Teamlink: 3 plan(s) · sample: Amerigroup - Wellpoint / Carelon - Beacon Health Options / Carelon - Anthem Texas commercial"
"Elevance Health",,pending,UT,"From Teamlink: 1 plan(s) · sample: Carelon"
"Elevance Health",,pending,VA,"From Teamlink: 4 plan(s) · sample: Anthem / Beacon / Beacon Health Option"
"Elevance Health",,in-network,WA,"From Teamlink: 4 plan(s) · sample: Amerigroup (Wellpoint Medicaid Network) / Carelon - Commercial / Carelon - Medicare"
"Elevance Health",,pending,WI,"From Teamlink: 2 plan(s) · sample: Anthem bcbs / Carelon Health"
"EmblemHealth (GHI)",,pending,NY,"From Teamlink: 2 plan(s) · sample: GHI Commercial / GHI Medicare"
"EmblemHealth (GHI)",,pending,VA,"From Teamlink: 2 plan(s) · sample: GHI Commercial / GHI Medicare"
"Freedom Health",,in-network,FL,"From Teamlink: 1 plan(s) · sample: Freedom Health"
"Freedom Health",,pending,MO,"From Teamlink: 1 plan(s) · sample: Freedom Health"
"GEHA (federal)",,in-network,CA,"From Teamlink: 1 plan(s) · sample: GEHA"
"GEHA (federal)",,pending,MO,"From Teamlink: 1 plan(s) · sample: GEHA"
"Geisinger",,pending,PA,"From Teamlink: 1 plan(s) · sample: Geisinger - GH Medicare and Medicaid Gold"
"Health Alliance",,in-network,FL,"From Teamlink: 1 plan(s) · sample: Clear health alliance"
"Health Alliance",,req-denied,IL,"From Teamlink: 1 plan(s) · sample: Health Alliance"
"Health Alliance",,pending,IN,"From Teamlink: 1 plan(s) · sample: Health Alliance Plan"
"Health Alliance",,pending,MA,"From Teamlink: 1 plan(s) · sample: Health Alliance"
"Health Alliance",,req-denied,MN,"From Teamlink: 2 plan(s) · sample: Health Alliance / South Country Health Alliance"
"Health Alliance",,pending,MO,"From Teamlink: 1 plan(s) · sample: Health Alliance"
"Health Care Service Corporation",,pending,IL,"From Teamlink: 1 plan(s) · sample: HCSC"
"Health Care Service Corporation",,pending,NM,"From Teamlink: 1 plan(s) · sample: HCSC"
"HealthPartners",,pending,WI,"From Teamlink: 1 plan(s) · sample: Health partners WI"
"Humana",,pending,AZ,"From Teamlink: 1 plan(s) · sample: Humana"
"Humana",,in-network,CA,"From Teamlink: 16 plan(s) · sample: Humana / Humana - Gold Choice Netwok PFFS26 / Humana - Gold Choice Network"
"Humana",,out-of-network,CT,"From Teamlink: 1 plan(s) · sample: Humana"
"Humana",,in-network,DC,"From Teamlink: 1 plan(s) · sample: Humana"
"Humana",,pending,FL,"From Teamlink: 4 plan(s) · sample: Humana Gold Plus / Humana PPO / Humana HMO"
"Humana",,pending,GA,"From Teamlink: 1 plan(s) · sample: Humana"
"Humana",,req-denied,IL,"From Teamlink: 1 plan(s) · sample: Humana"
"Humana",,req-denied,IN,"From Teamlink: 1 plan(s) · sample: Humana"
"Humana",,pending,KY,"From Teamlink: 1 plan(s) · sample: Humana"
"Humana",,req-denied,MD,"From Teamlink: 1 plan(s) · sample: Humana"
"Humana",,pending,MI,"From Teamlink: 1 plan(s) · sample: HUMANA"
"Humana",,pending,MN,"From Teamlink: 1 plan(s) · sample: humana"
"Humana",,out-of-network,MO,"From Teamlink: 1 plan(s) · sample: Humana"
"Humana",,pending,NC,"From Teamlink: 1 plan(s) · sample: Humana"
"Humana",,pending,NY,"From Teamlink: 1 plan(s) · sample: Humana"
"Humana",,in-network,OH,"From Teamlink: 2 plan(s) · sample: Humana / Humana - Horizons"
"Humana",,pending,OR,"From Teamlink: 1 plan(s) · sample: Humana Commercial"
"Humana",,in-network,PA,"From Teamlink: 1 plan(s) · sample: Humana"
"Humana",,req-denied,SC,"From Teamlink: 1 plan(s) · sample: Humana"
"Humana",,in-network,TX,"From Teamlink: 13 plan(s) · sample: Humana / Humana Austin HMO / Humana Behavioral Health"
"Humana",,pending,VA,"From Teamlink: 3 plan(s) · sample: Humana / Humana Gold / Humana Choice Plus"
"Humana",,in-network,WA,"From Teamlink: 2 plan(s) · sample: Humana / Humana - Medicare"
"Humana",,pending,WI,"From Teamlink: 1 plan(s) · sample: Humana"
"Imperial Health Plan",,pending,AZ,"From Teamlink: 1 plan(s) · sample: Imperial Health Plan - Medicare Advantage"
"Imperial Health Plan",,pending,CA,"From Teamlink: 1 plan(s) · sample: Imperial Health Plan - Medicare Advantage"
"Imperial Health Plan",,pending,TX,"From Teamlink: 3 plan(s) · sample: Imperial Health Plan - ACA / Imperial Health Plan - Commercial / Imperial Health Plan - Medicare"
"Kaiser Foundation Health Plan",,pending,AZ,"From Teamlink: 1 plan(s) · sample: Kaiser Permanente"
"Kaiser Foundation Health Plan",,pending,CA,"From Teamlink: 1 plan(s) · sample: Kaiser Permanente"
"Kaiser Foundation Health Plan",,req-denied,DC,"From Teamlink: 1 plan(s) · sample: Kaiser"
"Kaiser Foundation Health Plan",,in-network,FL,"From Teamlink: 1 plan(s) · sample: Beacon / Kaiser"
"Kaiser Foundation Health Plan",,req-denied,GA,"From Teamlink: 1 plan(s) · sample: Kaiser Permanente of Georgia"
"Kaiser Foundation Health Plan",,pending,MA,"From Teamlink: 1 plan(s) · sample: Kaiser Permanente"
"Kaiser Foundation Health Plan",,pending,MD,"From Teamlink: 1 plan(s) · sample: Kaiser Permanente of the Mid-Atlantic States"
"Kaiser Foundation Health Plan",,pending,NC,"From Teamlink: 1 plan(s) · sample: Kaiser Permanente"
"Kaiser Foundation Health Plan",,req-denied,NM,"From Teamlink: 1 plan(s) · sample: Kaiser Permanente"
"Kaiser Foundation Health Plan",,pending,OH,"From Teamlink: 1 plan(s) · sample: Kaiser Permanente"
"Kaiser Foundation Health Plan",,pending,OR,"From Teamlink: 1 plan(s) · sample: Kaiser Permanente Northwest"
"Kaiser Foundation Health Plan",,pending,VA,"From Teamlink: 2 plan(s) · sample: Kaiser Permanente of the Mid-Atlantic States / Kaiser Foundation Health plan"
"Kaiser Foundation Health Plan",,in-network,WA,"From Teamlink: 5 plan(s) · sample: Kaiser Permanente / Kaiser Permanente - HMO / Kaiser Permanente - PPO"
"Magellan Healthcare",,in-network,AZ,"From Teamlink: 5 plan(s) · sample: Magellan / Magellan - EAP / Magellan - Medicare"
"Magellan Healthcare",,in-network,CA,"From Teamlink: 7 plan(s) · sample: Magellan / Magellan - 100 Summit  Non HMO / Magellan - 301 Pinnacle HMO"
"Magellan Healthcare",,pending,DC,"From Teamlink: 1 plan(s) · sample: Magellan"
"Magellan Healthcare",,in-network,FL,"From Teamlink: 1 plan(s) · sample: Magellan Behavioral"
"Magellan Healthcare",,pending,GA,"From Teamlink: 1 plan(s) · sample: Magellan"
"Magellan Healthcare",,in-network,IL,"From Teamlink: 4 plan(s) · sample: Magellan - 401 Medicare / Magellan - EAP Network / Magellan - Network 100 Summit/Non-HMO Employed"
"Magellan Healthcare",,pending,KY,"From Teamlink: 1 plan(s) · sample: Magellan Health"
"Magellan Healthcare",,pending,MA,"From Teamlink: 1 plan(s) · sample: Magellan"
"Magellan Healthcare",,pending,MD,"From Teamlink: 1 plan(s) · sample: Magellan"
"Magellan Healthcare",,req-denied,MN,"From Teamlink: 1 plan(s) · sample: Magellan"
"Magellan Healthcare",,in-network,NC,"From Teamlink: 1 plan(s) · sample: Magellan"
"Magellan Healthcare",,pending,NM,"From Teamlink: 1 plan(s) · sample: Magellan"
"Magellan Healthcare",,pending,NY,"From Teamlink: 5 plan(s) · sample: Magellan 301 / Magellan 378 / Magellan commercial"
"Magellan Healthcare",,in-network,OH,"From Teamlink: 1 plan(s) · sample: Magellan"
"Magellan Healthcare",,in-network,PA,"From Teamlink: 15 plan(s) · sample: Magellan Healthcare / Magellan - Summit NON HMO / Magellan - Employee EAP"
"Magellan Healthcare",,in-network,TX,"From Teamlink: 4 plan(s) · sample: Magellan / Magellan - Medicare / Magellan - Pinnacle HMO"
"Magellan Healthcare",,in-network,WA,"From Teamlink: 1 plan(s) · sample: Magellan"
"Magellan Healthcare",,pending,WI,"From Teamlink: 1 plan(s) · sample: Magellan"
"Medicaid (state)",,in-network,AZ,"From Teamlink: 1 plan(s) · sample: Medicaid"
"Medicaid (state)",,in-network,CA,"From Teamlink: 1 plan(s) · sample: Medi Cal"
"Medicaid (state)",,pending,CT,"From Teamlink: 1 plan(s) · sample: Medicaid"
"Medicaid (state)",,in-network,DC,"From Teamlink: 1 plan(s) · sample: Medicaid"
"Medicaid (state)",,in-network,FL,"From Teamlink: 1 plan(s) · sample: Medicaid"
"Medicaid (state)",,pending,GA,"From Teamlink: 1 plan(s) · sample: Medicaid"
"Medicaid (state)",,pending,IL,"From Teamlink: 1 plan(s) · sample: Medicaid"
"Medicaid (state)",,in-network,IN,"From Teamlink: 1 plan(s) · sample: Medicaid"
"Medicaid (state)",,pending,KY,"From Teamlink: 1 plan(s) · sample: Medicaid"
"Medicaid (state)",,pending,MA,"From Teamlink: 1 plan(s) · sample: Medicaid"
"Medicaid (state)",,pending,MD,"From Teamlink: 1 plan(s) · sample: Medicaid"
"Medicaid (state)",,in-network,MI,"From Teamlink: 1 plan(s) · sample: Medicaid MI"
"Medicaid (state)",,pending,MN,"From Teamlink: 1 plan(s) · sample: Medicaid"
"Medicaid (state)",,pending,MO,"From Teamlink: 1 plan(s) · sample: Medicaid"
"Medicaid (state)",,pending,NC,"From Teamlink: 1 plan(s) · sample: Medicaid"
"Medicaid (state)",,pending,NM,"From Teamlink: 1 plan(s) · sample: Medicaid"
"Medicaid (state)",,in-network,NY,"From Teamlink: 1 plan(s) · sample: Medicaid"
"Medicaid (state)",,in-network,OH,"From Teamlink: 2 plan(s) · sample: Medicaid / Medical Mutual of Ohio (MMO)"
"Medicaid (state)",,in-network,OR,"From Teamlink: 1 plan(s) · sample: Medicaid OR"
"Medicaid (state)",,in-network,PA,"From Teamlink: 1 plan(s) · sample: Medicaid"
"Medicaid (state)",,in-network,SC,"From Teamlink: 1 plan(s) · sample: Medicaid"
"Medicaid (state)",,pending,TN,"From Teamlink: 1 plan(s) · sample: Medicaid"
"Medicaid (state)",,pending,TX,"From Teamlink: 1 plan(s) · sample: Medicaid"
"Medicaid (state)",,in-network,UT,"From Teamlink: 1 plan(s) · sample: Medicaid"
"Medicaid (state)",,in-network,VA,"From Teamlink: 1 plan(s) · sample: Medicaid"
"Medicaid (state)",,in-network,WA,"From Teamlink: 1 plan(s) · sample: Medicaid"
"Medicaid (state)",,pending,WI,"From Teamlink: 1 plan(s) · sample: Medicaid"
"Medicare (federal)",,in-network,AZ,"From Teamlink: 2 plan(s) · sample: Medicare / Medicare RailRoad"
"Medicare (federal)",,in-network,CA,"From Teamlink: 4 plan(s) · sample: Medicare / Medicare RailRoad / Medicare Product"
"Medicare (federal)",,in-network,CT,"From Teamlink: 2 plan(s) · sample: RAIL ROAD MEDICARE / Medicare"
"Medicare (federal)",,in-network,DC,"From Teamlink: 2 plan(s) · sample: Medicare / Medicare RailRoad"
"Medicare (federal)",,in-network,FL,"From Teamlink: 2 plan(s) · sample: Rail Road Medicare / Medicare"
"Medicare (federal)",,in-network,GA,"From Teamlink: 2 plan(s) · sample: Medicare / Medicare RailRoad"
"Medicare (federal)",,in-network,IL,"From Teamlink: 2 plan(s) · sample: Medicare / Medicare RailRoad"
"Medicare (federal)",,in-network,IN,"From Teamlink: 2 plan(s) · sample: RAIL ROAD Medicare / Medicare"
"Medicare (federal)",,in-network,KY,"From Teamlink: 1 plan(s) · sample: Medicare"
"Medicare (federal)",,pending,MA,"From Teamlink: 2 plan(s) · sample: Medicare / Medicare RailRoad"
"Medicare (federal)",,pending,MD,"From Teamlink: 2 plan(s) · sample: Rail road Medicare / Medicare"
"Medicare (federal)",,in-network,MI,"From Teamlink: 2 plan(s) · sample: RAIL ROAD Medicare / Medicare"
"Medicare (federal)",,in-network,MN,"From Teamlink: 2 plan(s) · sample: Medicare / Medicare RailRoad"
"Medicare (federal)",,pending,MO,"From Teamlink: 1 plan(s) · sample: Medicare"
"Medicare (federal)",,in-network,NC,"From Teamlink: 2 plan(s) · sample: Medicare / Medicare RailRoad"
"Medicare (federal)",,pending,NM,"From Teamlink: 2 plan(s) · sample: Medicare / Medicare RailRoad"
"Medicare (federal)",,in-network,NY,"From Teamlink: 2 plan(s) · sample: Rail road Medicare / Medicare"
"Medicare (federal)",,in-network,OH,"From Teamlink: 2 plan(s) · sample: Medicare / Medicare RailRoad"
"Medicare (federal)",,in-network,OR,"From Teamlink: 2 plan(s) · sample: Rail Road Medicare / Medicare"
"Medicare (federal)",,in-network,PA,"From Teamlink: 2 plan(s) · sample: Medicare / Medicare RailRoad"
"Medicare (federal)",,in-network,SC,"From Teamlink: 2 plan(s) · sample: Medicare rail road / Medicare"
"Medicare (federal)",,in-network,TN,"From Teamlink: 2 plan(s) · sample: MEDICARE / RAIL ROAD Medicare"
"Medicare (federal)",,in-network,TX,"From Teamlink: 2 plan(s) · sample: Medicare / Medicare RailRoad"
"Medicare (federal)",,in-network,UT,"From Teamlink: 2 plan(s) · sample: Medicare / Medicare RailRoad"
"Medicare (federal)",,in-network,VA,"From Teamlink: 2 plan(s) · sample: MEDICARE ADVANTAGE / Medicare"
"Medicare (federal)",,in-network,WA,"From Teamlink: 2 plan(s) · sample: Medicare / Medicare RailRoad"
"Medicare (federal)",,in-network,WI,"From Teamlink: 1 plan(s) · sample: Medicare"
"Molina Healthcare",,pending,AZ,"From Teamlink: 1 plan(s) · sample: Molina Health Care"
"Molina Healthcare",,pending,CA,"From Teamlink: 5 plan(s) · sample: Molina HealthCare / Molina Healthcare - Medicaid / Molina Healthcare - Medicare"
"Molina Healthcare",,req-denied,DC,"From Teamlink: 1 plan(s) · sample: Molina Health Care"
"Molina Healthcare",,req-denied,FL,"From Teamlink: 3 plan(s) · sample: Molina Health Care / Molina Market Plus plan / Molina Dual Medicare and Medicaid"
"Molina Healthcare",,req-denied,GA,"From Teamlink: 1 plan(s) · sample: Molina"
"Molina Healthcare",,pending,IL,"From Teamlink: 1 plan(s) · sample: Molina Healthcare of Illinois"
"Molina Healthcare",,pending,KY,"From Teamlink: 1 plan(s) · sample: Passport health plan/Molina HEALTH ACRE"
"Molina Healthcare",,pending,MA,"From Teamlink: 1 plan(s) · sample: Molina Health Plan"
"Molina Healthcare",,pending,MD,"From Teamlink: 1 plan(s) · sample: Molina Health care"
"Molina Healthcare",,in-network,MI,"From Teamlink: 1 plan(s) · sample: MOLINA"
"Molina Healthcare",,pending,MO,"From Teamlink: 1 plan(s) · sample: Molina Health care"
"Molina Healthcare",,pending,NC,"From Teamlink: 1 plan(s) · sample: Molina Health Care"
"Molina Healthcare",,pending,NM,"From Teamlink: 1 plan(s) · sample: Molina Health Care"
"Molina Healthcare",,pending,NY,"From Teamlink: 1 plan(s) · sample: Molina"
"Molina Healthcare",,pending,OH,"From Teamlink: 1 plan(s) · sample: Molina Health care"
"Molina Healthcare",,req-denied,PA,"From Teamlink: 1 plan(s) · sample: Molina Health care"
"Molina Healthcare",,pending,SC,"From Teamlink: 1 plan(s) · sample: Molina Health care"
"Molina Healthcare",,pending,TN,"From Teamlink: 1 plan(s) · sample: Molina Health"
"Molina Healthcare",,in-network,TX,"From Teamlink: 9 plan(s) · sample: Molina Healthcare -  Chaip Children Health / Molina Healthcare -  Texas Medicaid Secondly / Molina Healthcare - Chaip Perinate"
"Molina Healthcare",,in-network,UT,"From Teamlink: 4 plan(s) · sample: Molina Healthcare / Molina Healthcare - Medicaid / Molina Healthcare - HMO"
"Molina Healthcare",,pending,VA,"From Teamlink: 2 plan(s) · sample: Molina Medicare / Molina Commercial"
"Molina Healthcare",,in-network,WA,"From Teamlink: 4 plan(s) · sample: Molina Healthcare / Molina Healthcare - Medicaid / Molina Healthcare - Medicare"
"MultiPlan (network)",,in-network,AZ,"From Teamlink: 1 plan(s) · sample: Multiplan - PHCS"
"MultiPlan (network)",,in-network,CA,"From Teamlink: 2 plan(s) · sample: Multiplan - Commercial / Multiplan"
"MultiPlan (network)",,in-network,CT,"From Teamlink: 1 plan(s) · sample: Multiplan"
"MultiPlan (network)",,in-network,FL,"From Teamlink: 1 plan(s) · sample: Multiplan"
"MultiPlan (network)",,in-network,KY,"From Teamlink: 2 plan(s) · sample: Multiplan / PHCS"
"MultiPlan (network)",,pending,NM,"From Teamlink: 1 plan(s) · sample: Multiplan"
"MultiPlan (network)",,in-network,NY,"From Teamlink: 1 plan(s) · sample: Multiplan"
"MultiPlan (network)",,in-network,OR,"From Teamlink: 2 plan(s) · sample: Multiplan/Claritev / PHCS"
"MultiPlan (network)",,in-network,SC,"From Teamlink: 1 plan(s) · sample: MultiPlan"
"MultiPlan (network)",,in-network,UT,"From Teamlink: 1 plan(s) · sample: Multiplan"
"MultiPlan (network)",,in-network,VA,"From Teamlink: 1 plan(s) · sample: Multiplan"
"MultiPlan (network)",,pending,WI,"From Teamlink: 1 plan(s) · sample: Multiplan"
"Oscar Health",,in-network,CA,"From Teamlink: 3 plan(s) · sample: Oscar Health CA / Oscar Health Plan / Oscar Small Group Plan"
"Oscar Health",,in-network,FL,"From Teamlink: 3 plan(s) · sample: Oscar Health Plan / Oscar Small Group Plan / Oscar Medicaid Plan."
"Oscar Health",,pending,KY,"From Teamlink: 1 plan(s) · sample: OSCARE Health"
"Oscar Health",,in-network,MI,"From Teamlink: 1 plan(s) · sample: Oscar health"
"Oscar Health",,pending,MO,"From Teamlink: 1 plan(s) · sample: Oscar"
"Oscar Health",,in-network,NY,"From Teamlink: 1 plan(s) · sample: Oscar Small Group Plan"
"Oscar Health",,in-network,SC,"From Teamlink: 1 plan(s) · sample: Oscar health"
"Oscar Health",,in-network,TN,"From Teamlink: 2 plan(s) · sample: Oscar Small Group / Oscar Health plan"
"Oscar Health",,in-network,VA,"From Teamlink: 1 plan(s) · sample: OSCAR HEALTH PLAN"
"PacificSource",,pending,OR,"From Teamlink: 1 plan(s) · sample: Pacific Source"
"PacificSource",,in-network,WA,"From Teamlink: 1 plan(s) · sample: Pacific Source"
"PEHP (Utah Public Employees)",,pending,UT,"From Teamlink: 1 plan(s) · sample: PEHP"
"SelectHealth",,pending,SC,"From Teamlink: 1 plan(s) · sample: Select health"
"SelectHealth",,pending,UT,"From Teamlink: 1 plan(s) · sample: Select Health"
"TRICARE / VA",,in-network,AZ,"From Teamlink: 2 plan(s) · sample: CHAMPVA / Tricare West"
"TRICARE / VA",,in-network,CA,"From Teamlink: 17 plan(s) · sample: Tricare For Life / Tricare Prime / Tricare Prime Option-US Family Healthcare Plan"
"TRICARE / VA",,in-network,DC,"From Teamlink: 1 plan(s) · sample: Tricare East"
"TRICARE / VA",,in-network,FL,"From Teamlink: 2 plan(s) · sample: tricare prime Region 3 / VACCN"
"TRICARE / VA",,req-denied,GA,"From Teamlink: 1 plan(s) · sample: Tricare West"
"TRICARE / VA",,pending,IL,"From Teamlink: 1 plan(s) · sample: Tricare West"
"TRICARE / VA",,in-network,IN,"From Teamlink: 3 plan(s) · sample: Tricare East / VACCN / CHAMPVA"
"TRICARE / VA",,in-network,KY,"From Teamlink: 1 plan(s) · sample: Tricare"
"TRICARE / VA",,in-network,MD,"From Teamlink: 2 plan(s) · sample: VA DSNP / Champva"
"TRICARE / VA",,in-network,MI,"From Teamlink: 1 plan(s) · sample: TRICARE EAST"
"TRICARE / VA",,pending,MN,"From Teamlink: 1 plan(s) · sample: Tricare West"
"TRICARE / VA",,pending,MO,"From Teamlink: 1 plan(s) · sample: Tricare West"
"TRICARE / VA",,in-network,NC,"From Teamlink: 1 plan(s) · sample: Tricare East"
"TRICARE / VA",,in-network,NM,"From Teamlink: 2 plan(s) · sample: Tricare West / Tricare VA CCN"
"TRICARE / VA",,in-network,NY,"From Teamlink: 2 plan(s) · sample: Tricare / VACCN"
"TRICARE / VA",,pending,OH,"From Teamlink: 2 plan(s) · sample: CHAMPVA / TRICARE East"
"TRICARE / VA",,in-network,OR,"From Teamlink: 2 plan(s) · sample: VACCN / TRICARE WEST"
"TRICARE / VA",,in-network,PA,"From Teamlink: 2 plan(s) · sample: CHAMPVA / Tricare East"
"TRICARE / VA",,in-network,SC,"From Teamlink: 1 plan(s) · sample: VACCN"
"TRICARE / VA",,in-network,TX,"From Teamlink: 2 plan(s) · sample: CHAMPVA / Tricare West"
"TRICARE / VA",,in-network,UT,"From Teamlink: 2 plan(s) · sample: CHAMPVA / Tricare West"
"TRICARE / VA",,in-network,VA,"From Teamlink: 2 plan(s) · sample: VA DSNP / VACCN"
"TRICARE / VA",,in-network,WA,"From Teamlink: 6 plan(s) · sample: CHAMPVA / Tricare West - Prime Select / Tricare West - Reserve Retiries"
"UCare",,pending,MN,"From Teamlink: 1 plan(s) · sample: Ucare"
"UnitedHealth Group",,in-network,AZ,"From Teamlink: 10 plan(s) · sample: Alignment Health Plan (OPTUM) / GEHA - Optum / Optum - AZ Exchange"
"UnitedHealth Group",,in-network,CA,"From Teamlink: 14 plan(s) · sample: Alignment Health - Medicare Advantage ( Optum ) / Optum - Medicare / Optum - Oscar Health"
"UnitedHealth Group",,in-network,CT,"From Teamlink: 3 plan(s) · sample: AARP / UMR / UBH General(UHC)"
"UnitedHealth Group",,in-network,DC,"From Teamlink: 8 plan(s) · sample: Optum - District of Columbia DSNP / Optum - District of Columbia Medicaid / Optum - MAHP HMO Network"
"UnitedHealth Group",,in-network,FL,"From Teamlink: 5 plan(s) · sample: United Student Resource / United Health Care / UBH commerical"
"UnitedHealth Group",,in-network,GA,"From Teamlink: 5 plan(s) · sample: Optum -  UBH General / Optum - GA Exchange / Optum - Medicare; FL DSNP"
"UnitedHealth Group",,in-network,IL,"From Teamlink: 4 plan(s) · sample: Optum - Illinois Excahnge / Optum - Medicare / Optum - Oscar Health Plan"
"UnitedHealth Group",,in-network,IN,"From Teamlink: 4 plan(s) · sample: UBH / UMR / UHC Medicare AARP"
"UnitedHealth Group",,in-network,KY,"From Teamlink: 3 plan(s) · sample: UBH / UHC Medicare / AARP"
"UnitedHealth Group",,pending,MA,"From Teamlink: 1 plan(s) · sample: Optum - UBH General"
"UnitedHealth Group",,in-network,MD,"From Teamlink: 3 plan(s) · sample: Optum Behavioral Health / UBH General / UHC Medicare-AARP"
"UnitedHealth Group",,in-network,MI,"From Teamlink: 3 plan(s) · sample: UHC / UBH GENERAL / UHC HMO NETWORK"
"UnitedHealth Group",,in-network,MN,"From Teamlink: 2 plan(s) · sample: Optum - Medica Minnesota Preferred / Optum - UBH General"
"UnitedHealth Group",,in-network,MO,"From Teamlink: 4 plan(s) · sample: OPTUM Behavioral Health / UBH GENERAL / UHC HMO NETWORK"
"UnitedHealth Group",,in-network,NC,"From Teamlink: 8 plan(s) · sample: Optum - MAMSI Worker's Compensation / Optum - Medicare / Optum - NC DSNP"
"UnitedHealth Group",,in-network,NM,"From Teamlink: 4 plan(s) · sample: Optum - Medicare / Optum - New Mexico DSNP / Optum - New Mexico Exchange"
"UnitedHealth Group",,in-network,NY,"From Teamlink: 6 plan(s) · sample: UHC Commercial / UHC Oscar Health Plan / UHC UBH  General"
"UnitedHealth Group",,in-network,OH,"From Teamlink: 9 plan(s) · sample: Optum - OH Exchange / Optum - Oscar Health / Optum - Oscar small group plan"
"UnitedHealth Group",,in-network,OR,"From Teamlink: 6 plan(s) · sample: UHC / UBH GENERAL / AARP"
"UnitedHealth Group",,in-network,PA,"From Teamlink: 8 plan(s) · sample: Optum - Oscar Circle Plus / Optum - Oscar Small Group / Optum Health - Mamsi One Net PPO"
"UnitedHealth Group",,in-network,SC,"From Teamlink: 6 plan(s) · sample: AARP Medicare / UHC / UBH Commercial"
"UnitedHealth Group",,in-network,TN,"From Teamlink: 5 plan(s) · sample: Optum Beahvioral / UBH General / UHC Medicare-AARP"
"UnitedHealth Group",,in-network,TX,"From Teamlink: 6 plan(s) · sample: Optum Health - Medicare / Optum Health - Oscar Health Plan / Optum Health - TX DSNP"
"UnitedHealth Group",,in-network,UT,"From Teamlink: 1 plan(s) · sample: Optum - UBH General"
"UnitedHealth Group",,in-network,VA,"From Teamlink: 4 plan(s) · sample: AARP Medicare / UHC / UBH GENERAL"
"UnitedHealth Group",,in-network,WA,"From Teamlink: 7 plan(s) · sample: Optum - UHC PPO Commercial / Optum Health - DSNP / Optum Health - Medicare (AARP)"
"UnitedHealth Group",,in-network,WI,"From Teamlink: 2 plan(s) · sample: UBH / UHC Medicare"
"University of Utah Health Plans",,pending,UT,"From Teamlink: 1 plan(s) · sample: University of Utah Health Plans"
"UPMC Health Plan",,out-of-network,PA,"From Teamlink: 1 plan(s) · sample: UPMC (University of Pittsburgh Medical Center)"
